insert into village values(3, 'elven', '56460');


INSERT INTO `Actor` (`id`, `first_name`, `last_name`) VALUES
	(1, 'PENELOPE', 'GUINESS'),
	(2, 'NICK', 'WAHLBERG'),
	(3, 'ED', 'CHASE'),
	(5, 'JOHNNY', 'LOLLOBRIGIDA'),
	(10, 'CHRISTIAN', 'GABLE'),
	(12, 'KARL', 'BERRY'),
	(13, 'UMA', 'WOOD'),
	(19, 'BOB', 'FAWCETT'),
	(20, 'LUCILLE', 'TRACY'),
	(21, 'KIRSTEN', 'PALTROW'),
	(22, 'ELVIS', 'MARX'),
	(23, 'SANDRA', 'KILMER'),
	(24, 'CAMERON', 'STREEP'),
	(26, 'RIP', 'CRAWFORD'),
	(27, 'JULIA', 'MCQUEEN'),
	(28, 'WOODY', 'HOFFMAN'),
	(29, 'ALEC', 'WAYNE'),
	(30, 'SANDRA', 'PECK'),
	(35, 'JUDY', 'DEAN'),
	(36, 'BURT', 'DUKAKIS'),
	(37, 'VAL', 'BOLGER'),
	(40, 'JOHNNY', 'CAGE'),
	(41, 'JODIE', 'DEGENERES'),
	(43, 'KIRK', 'JOVOVICH'),
	(45, 'REESE', 'KILMER'),
	(51, 'GARY', 'PHOENIX'),
	(52, 'CARMEN', 'HUNT'),
	(53, 'MENA', 'TEMPLE'),
	(55, 'FAY', 'KILMER'),
	(57, 'JUDE', 'CRUISE'),
	(59, 'DUSTIN', 'TAUTOU'),
	(62, 'JAYNE', 'NEESON'),
	(64, 'RAY', 'JOHANSSON'),
	(68, 'RIP', 'WINSLET'),
	(69, 'KENNETH', 'PALTROW'),
	(75, 'BURT', 'POSEY'),
	(77, 'CARY', 'MCCONAUGHEY'),
	(81, 'SCARLETT', 'DAMON'),
	(82, 'WOODY', 'JOLIE'),
	(84, 'JAMES', 'PITT'),
	(85, 'MINNIE', 'ZELLWEGER'),
	(88, 'KENNETH', 'PESCI'),
	(90, 'SEAN', 'GUINESS'),
	(91, 'CHRISTOPHER', 'BERRY'),
	(94, 'KENNETH', 'TORN'),
	(96, 'GENE', 'WILLIS'),
	(99, 'JIM', 'MOSTEL'),
	(100, 'SPENCER', 'DEPP'),
	(102, 'WALTER', 'TORN'),
	(103, 'MATTHEW', 'LEIGH'),
	(104, 'PENELOPE', 'CRONYN'),
	(105, 'SIDNEY', 'CROWE'),
	(108, 'WARREN', 'NOLTE'),
	(109, 'SYLVESTER', 'DERN'),
	(110, 'SUSAN', 'DAVIS'),
	(114, 'MORGAN', 'MCDORMAND'),
	(117, 'RENEE', 'TRACY'),
	(123, 'JULIANNE', 'DENCH'),
	(130, 'GRETA', 'KEITEL'),
	(133, 'RICHARD', 'PENN'),
	(136, 'ED', 'MANSFIELD'),
	(137, 'MORGAN', 'WILLIAMS'),
	(138, 'LUCILLE', 'DEE'),
	(139, 'EWAN', 'GOODING'),
	(142, 'JADA', 'RYDER'),
	(144, 'ANGELA', 'WITHERSPOON'),
	(146, 'ALBERT', 'JOHANSSON'),
	(147, 'FAY', 'WINSLET'),
	(155, 'IAN', 'TANDY'),
	(157, 'GRETA', 'MALDEN'),
	(159, 'LAURA', 'BRODY'),
	(160, 'CHRIS', 'DEPP'),
	(162, 'OPRAH', 'KILMER'),
	(164, 'HUMPHREY', 'WILLIS'),
	(167, 'LAURENCE', 'BULLOCK'),
	(169, 'KENNETH', 'HOFFMAN'),
	(170, 'MENA', 'HOPPER'),
	(174, 'MICHAEL', 'BENING'),
	(175, 'WILLIAM', 'HACKMAN'),
	(176, 'JON', 'CHASE'),
	(177, 'GENE', 'MCKELLEN'),
	(180, 'JEFF', 'SILVERSTONE'),
	(181, 'MATTHEW', 'CARREY'),
	(185, 'MICHAEL', 'BOLGER'),
	(187, 'RENEE', 'BALL'),
	(188, 'ROCK', 'DUKAKIS'),
	(191, 'GREGORY', 'GOODING'),
	(192, 'JOHN', 'SUVARI'),
	(194, 'MERYL', 'ALLEN'),
	(197, 'REESE', 'WEST'),
	(198, 'MARY', 'KEITEL'),
	(200, 'THORA', 'TEMPLE');
#
INSERT INTO `category` (`id`, `name`) VALUES
	(1, 'Action'),
	(2, 'Animation'),
	(3, 'Children'),
	(4, 'Classics'),
	(5, 'Comedy'),
	(6, 'Documentary'),
	(7, 'Drama'),
	(8, 'Family'),
	(9, 'Foreign'),
	(10, 'Games'),
	(11, 'Horror'),
	(12, 'Music'),
	(13, 'New'),
	(14, 'Sci-Fi'),
	(15, 'Sports'),
	(16, 'Travel');

INSERT INTO `film` (`id`, `title`, `description`, `release_year`, `length`) VALUES
	(1, 'ACADEMY DINOSAUR', 'A Epic Drama of a Feminist And a Mad Scientist who must Battle a Teacher in The Canadian Rockies', '2006', 86),
	(2, 'ACE GOLDFINGER', 'A Astounding Epistle of a Database Administrator And a Explorer who must Find a Car in Ancient China', '2006', 48),
	(3, 'ADAPTATION HOLES', 'A Astounding Reflection of a Lumberjack And a Car who must Sink a Lumberjack in A Baloon Factory', '2006', 50),
	(4, 'AFFAIR PREJUDICE', 'A Fanciful Documentary of a Frisbee And a Lumberjack who must Chase a Monkey in A Shark Tank', '2006', 117),
	(5, 'AFRICAN EGG', 'A Fast-Paced Documentary of a Pastry Chef And a Dentist who must Pursue a Forensic Psychologist in The Gulf of Mexico', '2006', 130),
	(6, 'AGENT TRUMAN', 'A Intrepid Panorama of a Robot And a Boy who must Escape a Sumo Wrestler in Ancient China', '2006', 169),
	(7, 'AIRPLANE SIERRA', 'A Touching Saga of a Hunter And a Butler who must Discover a Butler in A Jet Boat', '2006', 62),
	(8, 'AIRPORT POLLOCK', 'A Epic Tale of a Moose And a Girl who must Confront a Monkey in Ancient India', '2006', 54),
	(9, 'ALABAMA DEVIL', 'A Thoughtful Panorama of a Database Administrator And a Mad Scientist who must Outgun a Mad Scientist in A Jet Boat', '2006', 114),
	(10, 'ALADDIN CALENDAR', 'A Action-Packed Tale of a Man And a Lumberjack who must Reach a Feminist in Ancient China', '2006', 63),
	(11, 'ALAMO VIDEOTAPE', 'A Boring Epistle of a Butler And a Cat who must Fight a Pastry Chef in A MySQL Convention', '2006', 126),
	(12, 'ALASKA PHANTOM', 'A Fanciful Saga of a Hunter And a Pastry Chef who must Vanquish a Boy in Australia', '2006', 136),
	(13, 'ALI FOREVER', 'A Action-Packed Drama of a Dentist And a Crocodile who must Battle a Feminist in The Canadian Rockies', '2006', 150),
	(14, 'ALICE FANTASIA', 'A Emotional Drama of a A Shark And a Database Administrator who must Vanquish a Pioneer in Soviet Georgia', '2006', 94),
	(15, 'ALIEN CENTER', 'A Brilliant Drama of a Cat And a Mad Scientist who must Battle a Feminist in A MySQL Convention', '2006', 46),
	(16, 'ALLEY EVOLUTION', 'A Fast-Paced Drama of a Robot And a Composer who must Battle a Astronaut in New Orleans', '2006', 180),
	(17, 'ALONE TRIP', 'A Fast-Paced Character Study of a Composer And a Dog who must Outgun a Boat in An Abandoned Fun House', '2006', 82),
	(18, 'ALTER VICTORY', 'A Thoughtful Drama of a Composer And a Feminist who must Meet a Secret Agent in The Canadian Rockies', '2006', 57),
	(19, 'AMADEUS HOLY', 'A Emotional Display of a Pioneer And a Technical Writer who must Battle a Man in A Baloon', '2006', 113),
	(20, 'AMELIE HELLFIGHTERS', 'A Boring Drama of a Woman And a Squirrel who must Conquer a Student in A Baloon', '2006', 79);

INSERT INTO `film_actor` (`film_id`, `actor_id`) VALUES
	(1, 1),
	(3, 2),
	(17, 3),
	(19, 5),
	(1, 10),
	(9, 10),
	(16, 12),
	(17, 12),
	(17, 13),
	(2, 19),
	(3, 19),
	(1, 20),
	(6, 21),
	(9, 22),
	(6, 23),
	(3, 24),
	(9, 26),
	(19, 27),
	(14, 28),
	(10, 29),
	(1, 30),
	(10, 35),
	(15, 36),
	(10, 37),
	(12, 37),
	(19, 37),
	(1, 40),
	(11, 40),
	(4, 41),
	(19, 43),
	(18, 45),
	(5, 51),
	(20, 52),
	(1, 53),
	(9, 53),
	(8, 55),
	(16, 57),
	(5, 59),
	(6, 62),
	(3, 64),
	(10, 64),
	(9, 68),
	(15, 69),
	(12, 75),
	(13, 77),
	(4, 81),
	(11, 81),
	(17, 82),
	(19, 84),
	(2, 85),
	(14, 85),
	(4, 88),
	(2, 90),
	(11, 90),
	(13, 91),
	(13, 94),
	(8, 96),
	(7, 99),
	(17, 100),
	(20, 102),
	(5, 103),
	(19, 104),
	(12, 105),
	(15, 105),
	(1, 108),
	(6, 108),
	(9, 108),
	(12, 109),
	(8, 110),
	(13, 114),
	(10, 117),
	(15, 117),
	(3, 123),
	(9, 130),
	(7, 133),
	(20, 136),
	(6, 137),
	(14, 137),
	(8, 138),
	(20, 139),
	(10, 142),
	(18, 142),
	(18, 144),
	(12, 146),
	(16, 146),
	(4, 147),
	(20, 155),
	(10, 157),
	(20, 159),
	(2, 160),
	(17, 160),
	(1, 162),
	(4, 162),
	(7, 162),
	(18, 162),
	(15, 164),
	(17, 167),
	(6, 169),
	(7, 170),
	(15, 170),
	(11, 174),
	(9, 175),
	(13, 176),
	(12, 177),
	(12, 180),
	(5, 181),
	(7, 185),
	(17, 187),
	(1, 188),
	(10, 188),
	(14, 188),
	(16, 191),
	(16, 192),
	(9, 194),
	(6, 197),
	(1, 198),
	(5, 200);

INSERT INTO `film_category` (`film_id`, `category_id`) VALUES
	(19, 1),
	(18, 2),
	(14, 4),
	(7, 5),
	(1, 6),
	(3, 6),
	(5, 8),
	(6, 9),
	(11, 9),
	(15, 9),
	(16, 9),
	(2, 11),
	(4, 11),
	(8, 11),
	(9, 11),
	(13, 11),
	(12, 12),
	(17, 12),
	(20, 12),
	(10, 15);
